Sensitivity,Specificity,Accuracy,MCC
0.9791666666666666,0.8070175438596491,0.8857142857142857,0.7876249011437653
0.9183673469387755,0.8928571428571429,0.9047619047619048,0.8097503390415867
0.875,1.0,0.9423076923076923,0.8890008890013334
0.8541666666666666,0.9821428571428571,0.9230769230769231,0.8496913258822268
0.9791666666666666,0.8035714285714286,0.8846153846153846,0.7856664185786586
