Sensitivity,Specificity,Accuracy,MCC
0.8421052631578947,0.9464285714285714,0.8938053097345132,0.7922656767044208
0.875,0.9464285714285714,0.9107142857142857,0.8235321051453478
0.9107142857142857,0.9285714285714286,0.9196428571428571,0.8394195609836844
0.9285714285714286,0.8214285714285714,0.875,0.7543422685124546
0.8928571428571429,0.9821428571428571,0.9375,0.8785087156564868
