Sensitivity,Specificity,Accuracy,MCC
0.8771929824561403,0.9821428571428571,0.9292035398230089,0.8634027617005269
0.9107142857142857,0.9464285714285714,0.9285714285714286,0.857690027870236
0.9464285714285714,0.9285714285714286,0.9375,0.8751395423021391
0.8035714285714286,0.9821428571428571,0.8928571428571429,0.7985494095046904
0.8928571428571429,0.8928571428571429,0.8928571428571429,0.7857142857142857
