Sensitivity,Specificity,Accuracy,MCC
0.8979591836734694,0.9821428571428571,0.9428571428571428,0.8872442622820285
0.9166666666666666,0.9285714285714286,0.9230769230769231,0.8452380952380952
0.8958333333333334,0.9285714285714286,0.9134615384615384,0.8257883792618929
0.8125,0.9821428571428571,0.9038461538461539,0.8142666233664324
0.7916666666666666,0.9821428571428571,0.8942307692307693,0.7968190728895957
