Sensitivity,Specificity,Accuracy,MCC
0.8571428571428571,0.9642857142857143,0.9142857142857143,0.8305592176413081
0.9166666666666666,0.9464285714285714,0.9326923076923077,0.8645437905629925
0.8958333333333334,0.8928571428571429,0.8942307692307693,0.7876655368670248
0.875,0.9821428571428571,0.9326923076923077,0.8676982014710645
0.8333333333333334,0.9821428571428571,0.9134615384615384,0.8318858065683558
