Sensitivity,Specificity,Accuracy,MCC
0.8771929824561403,0.9464285714285714,0.911504424778761,0.8251740935356754
0.75,0.8035714285714286,0.7767857142857143,0.5543674891979409
0.8928571428571429,0.875,0.8839285714285714,0.7679795983467751
0.8392857142857143,0.9107142857142857,0.875,0.7519206177414045
0.9285714285714286,0.8928571428571429,0.9107142857142857,0.8219529433756427
