Sensitivity,Specificity,Accuracy,MCC
0.8421052631578947,0.9285714285714286,0.8849557522123894,0.7731024978282078
0.8571428571428571,0.9821428571428571,0.9196428571428571,0.8459204872111277
0.9821428571428571,0.6785714285714286,0.8303571428571429,0.693438564330596
0.9107142857142857,0.875,0.8928571428571429,0.7862158588810496
0.9285714285714286,0.8928571428571429,0.9107142857142857,0.8219529433756427
