Sensitivity,Specificity,Accuracy,MCC
0.8596491228070176,0.8928571428571429,0.8761061946902655,0.7527421240826347
0.8571428571428571,0.8928571428571429,0.875,0.7504787743864564
0.9285714285714286,0.875,0.9017857142857143,0.8047270004486238
0.8928571428571429,0.8035714285714286,0.8482142857142857,0.6992212226653671
0.8571428571428571,0.9285714285714286,0.8928571428571429,0.7877263614433762
