Sensitivity,Specificity,Accuracy,MCC
0.8596491228070176,0.9464285714285714,0.9026548672566371,0.8086149296390158
0.875,0.9107142857142857,0.8928571428571429,0.7862158588810496
0.8571428571428571,0.9107142857142857,0.8839285714285714,0.7689613559842405
0.9107142857142857,0.8392857142857143,0.875,0.7519206177414045
0.8214285714285714,0.9285714285714286,0.875,0.7543422685124546
