Sensitivity,Specificity,Accuracy,MCC
0.8421052631578947,0.9464285714285714,0.8938053097345132,0.7922656767044208
0.875,0.8392857142857143,0.8571428571428571,0.7147416898918633
0.8928571428571429,0.9642857142857143,0.9285714285714286,0.8593378488473195
0.9107142857142857,0.9285714285714286,0.9196428571428571,0.8394195609836844
0.9464285714285714,0.8928571428571429,0.9196428571428571,0.840492644913007
