Sensitivity,Specificity,Accuracy,MCC
0.9795918367346939,0.8035714285714286,0.8857142857142857,0.7874798326230856
0.9583333333333334,1.0,0.9807692307692307,0.9619185809213996
0.9166666666666666,0.9642857142857143,0.9423076923076923,0.8842481364991748
0.875,0.9821428571428571,0.9326923076923077,0.8676982014710645
0.8541666666666666,1.0,0.9326923076923077,0.8713548411865624
