Task,Sensitivity,Specificity,Accuracy,MCC
IC_IT,0.8666666666666667,0.9795918367346939,0.9401993355481728,0.867821325269578
