Task,Sensitivity,Specificity,Accuracy,MCC
IC_IT,0.9904761904761905,0.9336734693877551,0.9534883720930233,0.9035728038316816
