Task,Sensitivity,Specificity,Accuracy,MCC
IC_MP,0.8857142857142857,0.9968553459119497,0.9918489918489919,0.9033507804528892
IT_MP,0.8928571428571429,0.9874213836477987,0.9797687861271677,0.8663313956586443
