Task,Sensitivity,Specificity,Accuracy,MCC
IC_MP,0.9238095238095239,0.9982030548068284,0.9948519948519948,0.9392494666086924
IT_MP,0.8877551020408163,0.9941599281221922,0.9855491329479769,0.9010684692814049
