,svm,rf,knn,lr,mlp
svm,1.0,1.799226559368687e-16,9.328231148130981e-14,9.848606613207151e-23,1.0666027031966658e-20
rf,1.7992265593687e-16,1.0,5.8622402210913765e-12,4.670931008680674e-16,6.96439173776303e-15
knn,9.328231148131019e-14,5.862240221091318e-12,1.0,3.9516570581022276e-14,6.662215920375235e-12
lr,9.848606613207011e-23,4.670931008680609e-16,3.951657058102227e-14,1.0,5.099161037340208e-28
mlp,1.0666027031966664e-20,6.964391737763108e-15,6.662215920375296e-12,5.099161037340208e-28,1.0
