,svm,rf,knn,lr,mlp
svm,1.0,7.342434715084286e-15,1.4365620134374666e-09,5.020873917884486e-25,8.239675829861229e-23
rf,7.342434715084338e-15,1.0,3.5505138086265903e-10,6.514340574285317e-16,4.657295415982916e-17
knn,1.4365620134374705e-09,3.5505138086265686e-10,1.0,4.145647061543302e-10,1.468900421537325e-10
lr,5.02087391788445e-25,6.514340574285364e-16,4.14564706154336e-10,1.0,7.960078087053593e-28
mlp,8.239675829861346e-23,4.6572954159829494e-17,1.4689004215373525e-10,7.960078087053593e-28,1.0
