param_penalty,0.1,1.0,10.0,100.0
l1,0.25797839637807374,0.6561868054188986,0.756949936250669,0.7603146083527689
l2,0.6313565796313054,0.734546333668561,0.7707563386990711,0.7767522218526005
